frame.len,frame.time,ip.src,ip.dst,ip.ttl,frame.protocols,tcp.srcport,tcp.dstport,tcp.flags,udp.srcport,udp.dstport,smb.cmd,smb.dialect
"74","Dec 17, 2025 19:15:04.311127000 EST","192.168.138.181","192.168.138.187","64","eth:ethertype:ip:tcp","37779","445","0x0002",,,,
"60","Dec 17, 2025 19:15:04.311489000 EST",,,,"eth:ethertype:arp",,,,,,,
"42","Dec 17, 2025 19:15:04.311497000 EST",,,,"eth:ethertype:arp",,,,,,,
"74","Dec 17, 2025 19:15:04.311655000 EST","192.168.138.187","192.168.138.181","128","eth:ethertype:ip:tcp","445","37779","0x0012",,,,
"66","Dec 17, 2025 19:15:04.311680000 EST","192.168.138.181","192.168.138.187","64","eth:ethertype:ip:tcp","37779","445","0x0010",,,,
"154","Dec 17, 2025 19:15:04.318598000 EST","192.168.138.181","192.168.138.187","64","eth:ethertype:ip:tcp:nbss:smb","37779","445","0x0018",,,"0x72","LANMAN1.0"
"197","Dec 17, 2025 19:15:04.331294000 EST","192.168.138.187","192.168.138.181","128","eth:ethertype:ip:tcp:nbss:smb:gss-api:spnego","445","37779","0x0018",,,"0x72",
"66","Dec 17, 2025 19:15:04.331353000 EST","192.168.138.181","192.168.138.187","64","eth:ethertype:ip:tcp","37779","445","0x0010",,,,
"212","Dec 17, 2025 19:15:04.333073000 EST","192.168.138.181","192.168.138.187","64","eth:ethertype:ip:tcp:nbss:smb:gss-api:ntlmssp","37779","445","0x0018",,,"0x73",
"417","Dec 17, 2025 19:15:04.333470000 EST","192.168.138.187","192.168.138.181","128","eth:ethertype:ip:tcp:nbss:smb:gss-api:ntlmssp","445","37779","0x0018",,,"0x73",
"262","Dec 17, 2025 19:15:04.335070000 EST","192.168.138.181","192.168.138.187","64","eth:ethertype:ip:tcp:nbss:smb:gss-api:ntlmssp","37779","445","0x0018",,,"0x73",
"179","Dec 17, 2025 19:15:04.335435000 EST","192.168.138.187","192.168.138.181","128","eth:ethertype:ip:tcp:nbss:smb","445","37779","0x0018",,,"0x73",
"143","Dec 17, 2025 19:15:04.336470000 EST","192.168.138.181","192.168.138.187","64","eth:ethertype:ip:tcp:nbss:smb","37779","445","0x0018",,,"0x75",
"116","Dec 17, 2025 19:15:04.336621000 EST","192.168.138.187","192.168.138.181","128","eth:ethertype:ip:tcp:nbss:smb","445","37779","0x0018",,,"0x75",
"144","Dec 17, 2025 19:15:04.337818000 EST","192.168.138.181","192.168.138.187","64","eth:ethertype:ip:tcp:nbss:smb","37779","445","0x0018",,,"0x25",
"105","Dec 17, 2025 19:15:04.337942000 EST","192.168.138.187","192.168.138.181","128","eth:ethertype:ip:tcp:nbss:smb","445","37779","0x0018",,,"0x25",
"74","Dec 17, 2025 19:15:04.338755000 EST","192.168.138.181","192.168.138.187","64","eth:ethertype:ip:tcp","43123","135","0x0002",,,,
"74","Dec 17, 2025 19:15:04.338901000 EST","192.168.138.187","192.168.138.181","128","eth:ethertype:ip:tcp","135","43123","0x0012",,,,
"66","Dec 17, 2025 19:15:04.338926000 EST","192.168.138.181","192.168.138.187","64","eth:ethertype:ip:tcp","43123","135","0x0010",,,,
"138","Dec 17, 2025 19:15:04.339031000 EST","192.168.138.181","192.168.138.187","64","eth:ethertype:ip:tcp:dcerpc","43123","135","0x0018",,,,
"126","Dec 17, 2025 19:15:04.339193000 EST","192.168.138.187","192.168.138.181","128","eth:ethertype:ip:tcp:dcerpc","135","43123","0x0018",,,,
"66","Dec 17, 2025 19:15:04.339215000 EST","192.168.138.181","192.168.138.187","64","eth:ethertype:ip:tcp","43123","135","0x0010",,,,
"66","Dec 17, 2025 19:15:04.339247000 EST","192.168.138.181","192.168.138.187","64","eth:ethertype:ip:tcp","43123","135","0x0011",,,,
"66","Dec 17, 2025 19:15:04.339324000 EST","192.168.138.187","192.168.138.181","128","eth:ethertype:ip:tcp","135","43123","0x0010",,,,
"66","Dec 17, 2025 19:15:04.339382000 EST","192.168.138.187","192.168.138.181","128","eth:ethertype:ip:tcp","135","43123","0x0011",,,,
"66","Dec 17, 2025 19:15:04.339390000 EST","192.168.138.181","192.168.138.187","64","eth:ethertype:ip:tcp","43123","135","0x0010",,,,
"66","Dec 17, 2025 19:15:04.378685000 EST","192.168.138.181","192.168.138.187","64","eth:ethertype:ip:tcp","37779","445","0x0010",,,,
"149","Dec 17, 2025 19:15:04.544914000 EST","192.168.138.181","192.168.138.187","64","eth:ethertype:ip:tcp:nbss:smb","37779","445","0x0018",,,"0x32",
"105","Dec 17, 2025 19:15:04.545300000 EST","192.168.138.187","192.168.138.181","128","eth:ethertype:ip:tcp:nbss:smb","445","37779","0x0018",,,"0x32",
"66","Dec 17, 2025 19:15:04.545339000 EST","192.168.138.181","192.168.138.187","64","eth:ethertype:ip:tcp","37779","445","0x0010",,,,
"66","Dec 17, 2025 19:15:05.237416000 EST","192.168.138.181","192.168.138.187","64","eth:ethertype:ip:tcp","37779","445","0x0011",,,,
"66","Dec 17, 2025 19:15:05.238050000 EST","192.168.138.187","192.168.138.181","128","eth:ethertype:ip:tcp","445","37779","0x0010",,,,
"60","Dec 17, 2025 19:15:05.238080000 EST","192.168.138.187","192.168.138.181","128","eth:ethertype:ip:tcp","445","37779","0x0014",,,,
"74","Dec 17, 2025 19:15:05.651110000 EST","192.168.138.181","192.168.138.187","64","eth:ethertype:ip:tcp","33319","445","0x0002",,,,
"74","Dec 17, 2025 19:15:05.651419000 EST","192.168.138.187","192.168.138.181","128","eth:ethertype:ip:tcp","445","33319","0x0012",,,,
"66","Dec 17, 2025 19:15:05.651467000 EST","192.168.138.181","192.168.138.187","64","eth:ethertype:ip:tcp","33319","445","0x0010",,,,
"117","Dec 17, 2025 19:15:05.654140000 EST","192.168.138.181","192.168.138.187","64","eth:ethertype:ip:tcp:nbss:smb","33319","445","0x0018",,,"0x72","NT LM 0.12"
"197","Dec 17, 2025 19:15:05.654880000 EST","192.168.138.187","192.168.138.181","128","eth:ethertype:ip:tcp:nbss:smb:gss-api:spnego","445","33319","0x0018",,,"0x72",
"66","Dec 17, 2025 19:15:05.654916000 EST","192.168.138.181","192.168.138.187","64","eth:ethertype:ip:tcp","33319","445","0x0010",,,,
"202","Dec 17, 2025 19:15:05.660787000 EST","192.168.138.181","192.168.138.187","64","eth:ethertype:ip:tcp:nbss:smb","33319","445","0x0018",,,"0x73",
"187","Dec 17, 2025 19:15:05.661025000 EST","192.168.138.187","192.168.138.181","128","eth:ethertype:ip:tcp:nbss:smb","445","33319","0x0018",,,"0x73",
"143","Dec 17, 2025 19:15:05.664798000 EST","192.168.138.181","192.168.138.187","64","eth:ethertype:ip:tcp:nbss:smb","33319","445","0x0018",,,"0x75",
"124","Dec 17, 2025 19:15:05.665010000 EST","192.168.138.187","192.168.138.181","128","eth:ethertype:ip:tcp:nbss:smb","445","33319","0x0018",,,"0x75",
"1150","Dec 17, 2025 19:15:05.676845000 EST","192.168.138.181","192.168.138.187","64","eth:ethertype:ip:tcp:nbss:smb","33319","445","0x0018",,,"0xa0",
"105","Dec 17, 2025 19:15:05.677116000 EST","192.168.138.187","192.168.138.181","128","eth:ethertype:ip:tcp:nbss:smb","445","33319","0x0018",,,"0xa0",
"7306","Dec 17, 2025 19:15:05.697471000 EST","192.168.138.181","192.168.138.187","64","eth:ethertype:ip:tcp:nbss:smb","33319","445","0x0018",,,"0x33",
"7306","Dec 17, 2025 19:15:05.697539000 EST","192.168.138.181","192.168.138.187","64","eth:ethertype:ip:tcp:nbss:smb:nbss:smb","33319","445","0x0018",,,"0x33",
"66","Dec 17, 2025 19:15:05.697707000 EST","192.168.138.187","192.168.138.181","128","eth:ethertype:ip:tcp","445","33319","0x0010",,,,
"66","Dec 17, 2025 19:15:05.697707000 EST","192.168.138.187","192.168.138.181","128","eth:ethertype:ip:tcp","445","33319","0x0010",,,,
"66","Dec 17, 2025 19:15:05.697707000 EST","192.168.138.187","192.168.138.181","128","eth:ethertype:ip:tcp","445","33319","0x0010",,,,
"66","Dec 17, 2025 19:15:05.697707000 EST","192.168.138.187","192.168.138.181","128","eth:ethertype:ip:tcp","445","33319","0x0010",,,,
"5858","Dec 17, 2025 19:15:05.697729000 EST","192.168.138.181","192.168.138.187","64","eth:ethertype:ip:tcp:nbss:smb","33319","445","0x0018",,,"0x33",
"8754","Dec 17, 2025 19:15:05.699657000 EST","192.168.138.181","192.168.138.187","64","eth:ethertype:ip:tcp:nbss:smb:nbss:smb","33319","445","0x0018",,,"0x33",
"8754","Dec 17, 2025 19:15:05.699744000 EST","192.168.138.181","192.168.138.187","64","eth:ethertype:ip:tcp:nbss:smb:nbss:smb:smb","33319","445","0x0018",,,"0x33",
"66","Dec 17, 2025 19:15:05.699826000 EST","192.168.138.187","192.168.138.181","128","eth:ethertype:ip:tcp","445","33319","0x0010",,,,
"66","Dec 17, 2025 19:15:05.699826000 EST","192.168.138.187","192.168.138.181","128","eth:ethertype:ip:tcp","445","33319","0x0010",,,,
"66","Dec 17, 2025 19:15:05.699826000 EST","192.168.138.187","192.168.138.181","128","eth:ethertype:ip:tcp","445","33319","0x0010",,,,
"17442","Dec 17, 2025 19:15:05.699837000 EST","192.168.138.181","192.168.138.187","64","eth:ethertype:ip:tcp:nbss:smb:nbss:smb:smb:smb","33319","445","0x0018",,,"0x33",
"7337","Dec 17, 2025 19:15:05.699915000 EST","192.168.138.181","192.168.138.187","64","eth:ethertype:ip:tcp:nbss:smb:nbss:smb","33319","445","0x0018",,,"0x33",
"66","Dec 17, 2025 19:15:05.699980000 EST","192.168.138.187","192.168.138.181","128","eth:ethertype:ip:tcp","445","33319","0x0010",,,,
"66","Dec 17, 2025 19:15:05.699980000 EST","192.168.138.187","192.168.138.181","128","eth:ethertype:ip:tcp","445","33319","0x0010",,,,
"66","Dec 17, 2025 19:15:05.699980000 EST","192.168.138.187","192.168.138.181","128","eth:ethertype:ip:tcp","445","33319","0x0010",,,,
"66","Dec 17, 2025 19:15:05.700074000 EST","192.168.138.187","192.168.138.181","128","eth:ethertype:ip:tcp","445","33319","0x0010",,,,
"66","Dec 17, 2025 19:15:05.700075000 EST","192.168.138.187","192.168.138.181","128","eth:ethertype:ip:tcp","445","33319","0x0010",,,,
"66","Dec 17, 2025 19:15:05.700141000 EST","192.168.138.187","192.168.138.181","128","eth:ethertype:ip:tcp","445","33319","0x0010",,,,
"66","Dec 17, 2025 19:15:05.700206000 EST","192.168.138.187","192.168.138.181","128","eth:ethertype:ip:tcp","445","33319","0x0010",,,,
"66","Dec 17, 2025 19:15:05.700206000 EST","192.168.138.187","192.168.138.181","128","eth:ethertype:ip:tcp","445","33319","0x0010",,,,
"60","Dec 17, 2025 19:15:11.830496000 EST",,,,"eth:ethertype:arp",,,,,,,
"60","Dec 17, 2025 19:15:11.830497000 EST",,,,"eth:ethertype:arp",,,,,,,
"86","Dec 17, 2025 19:15:13.065348000 EST","192.168.138.1","192.168.138.255","128","eth:ethertype:ip:udp:data",,,,"57621","57621",,
"119","Dec 17, 2025 19:15:15.710341000 EST","192.168.138.181","192.168.138.187","64","eth:ethertype:ip:tcp:nbss:smb","33319","445","0x0018",,,"0x2b",
"119","Dec 17, 2025 19:15:15.710756000 EST","192.168.138.187","192.168.138.181","128","eth:ethertype:ip:tcp:nbss:smb","445","33319","0x0018",,,"0x2b",
"74","Dec 17, 2025 19:15:15.714453000 EST","192.168.138.181","192.168.138.187","64","eth:ethertype:ip:tcp","34987","445","0x0002",,,,
"74","Dec 17, 2025 19:15:15.714683000 EST","192.168.138.187","192.168.138.181","128","eth:ethertype:ip:tcp","445","34987","0x0012",,,,
"66","Dec 17, 2025 19:15:15.714739000 EST","192.168.138.181","192.168.138.187","64","eth:ethertype:ip:tcp","34987","445","0x0010",,,,
"117","Dec 17, 2025 19:15:15.715696000 EST","192.168.138.181","192.168.138.187","64","eth:ethertype:ip:tcp:nbss:smb","34987","445","0x0018",,,"0x72","NT LM 0.12"
"197","Dec 17, 2025 19:15:15.715976000 EST","192.168.138.187","192.168.138.181","128","eth:ethertype:ip:tcp:nbss:smb:gss-api:spnego","445","34987","0x0018",,,"0x72",
"66","Dec 17, 2025 19:15:15.715998000 EST","192.168.138.181","192.168.138.187","64","eth:ethertype:ip:tcp","34987","445","0x0010",,,,
"151","Dec 17, 2025 19:15:15.718973000 EST","192.168.138.181","192.168.138.187","64","eth:ethertype:ip:tcp:nbss:smb","34987","445","0x0018",,,"0x73",
"187","Dec 17, 2025 19:15:15.719135000 EST","192.168.138.187","192.168.138.181","128","eth:ethertype:ip:tcp:nbss:smb","445","34987","0x0018",,,"0x73",
"74","Dec 17, 2025 19:15:15.720587000 EST","192.168.138.181","192.168.138.187","64","eth:ethertype:ip:tcp","43057","445","0x0002",,,,
"74","Dec 17, 2025 19:15:15.720763000 EST","192.168.138.187","192.168.138.181","128","eth:ethertype:ip:tcp","445","43057","0x0012",,,,
"66","Dec 17, 2025 19:15:15.720793000 EST","192.168.138.181","192.168.138.187","64","eth:ethertype:ip:tcp","43057","445","0x0010",,,,
"198","Dec 17, 2025 19:15:15.720953000 EST","192.168.138.181","192.168.138.187","64","eth:ethertype:ip:tcp","43057","445","0x0018",,,,
"74","Dec 17, 2025 19:15:15.721391000 EST","192.168.138.181","192.168.138.187","64","eth:ethertype:ip:tcp","42285","445","0x0002",,,,
"74","Dec 17, 2025 19:15:15.721520000 EST","192.168.138.187","192.168.138.181","128","eth:ethertype:ip:tcp","445","42285","0x0012",,,,
"66","Dec 17, 2025 19:15:15.721549000 EST","192.168.138.181","192.168.138.187","64","eth:ethertype:ip:tcp","42285","445","0x0010",,,,
"198","Dec 17, 2025 19:15:15.727236000 EST","192.168.138.181","192.168.138.187","64","eth:ethertype:ip:tcp","42285","445","0x0018",,,,
"74","Dec 17, 2025 19:15:15.727708000 EST","192.168.138.181","192.168.138.187","64","eth:ethertype:ip:tcp","42303","445","0x0002",,,,
"74","Dec 17, 2025 19:15:15.727850000 EST","192.168.138.187","192.168.138.181","128","eth:ethertype:ip:tcp","445","42303","0x0012",,,,
"66","Dec 17, 2025 19:15:15.727878000 EST","192.168.138.181","192.168.138.187","64","eth:ethertype:ip:tcp","42303","445","0x0010",,,,
"198","Dec 17, 2025 19:15:15.728027000 EST","192.168.138.181","192.168.138.187","64","eth:ethertype:ip:tcp","42303","445","0x0018",,,,
"74","Dec 17, 2025 19:15:15.730955000 EST","192.168.138.181","192.168.138.187","64","eth:ethertype:ip:tcp","32923","445","0x0002",,,,
"74","Dec 17, 2025 19:15:15.731065000 EST","192.168.138.187","192.168.138.181","128","eth:ethertype:ip:tcp","445","32923","0x0012",,,,
"66","Dec 17, 2025 19:15:15.731078000 EST","192.168.138.181","192.168.138.187","64","eth:ethertype:ip:tcp","32923","445","0x0010",,,,
"198","Dec 17, 2025 19:15:15.731309000 EST","192.168.138.181","192.168.138.187","64","eth:ethertype:ip:tcp","32923","445","0x0018",,,,
"74","Dec 17, 2025 19:15:15.734988000 EST","192.168.138.181","192.168.138.187","64","eth:ethertype:ip:tcp","42507","445","0x0002",,,,
"74","Dec 17, 2025 19:15:15.735211000 EST","192.168.138.187","192.168.138.181","128","eth:ethertype:ip:tcp","445","42507","0x0012",,,,
"66","Dec 17, 2025 19:15:15.735246000 EST","192.168.138.181","192.168.138.187","64","eth:ethertype:ip:tcp","42507","445","0x0010",,,,
"198","Dec 17, 2025 19:15:15.736440000 EST","192.168.138.181","192.168.138.187","64","eth:ethertype:ip:tcp","42507","445","0x0018",,,,
"74","Dec 17, 2025 19:15:15.740076000 EST","192.168.138.181","192.168.138.187","64","eth:ethertype:ip:tcp","33245","445","0x0002",,,,
"74","Dec 17, 2025 19:15:15.740218000 EST","192.168.138.187","192.168.138.181","128","eth:ethertype:ip:tcp","445","33245","0x0012",,,,
"66","Dec 17, 2025 19:15:15.740248000 EST","192.168.138.181","192.168.138.187","64","eth:ethertype:ip:tcp","33245","445","0x0010",,,,
"198","Dec 17, 2025 19:15:15.741218000 EST","192.168.138.181","192.168.138.187","64","eth:ethertype:ip:tcp","33245","445","0x0018",,,,
"74","Dec 17, 2025 19:15:15.745112000 EST","192.168.138.181","192.168.138.187","64","eth:ethertype:ip:tcp","40977","445","0x0002",,,,
"74","Dec 17, 2025 19:15:15.745233000 EST","192.168.138.187","192.168.138.181","128","eth:ethertype:ip:tcp","445","40977","0x0012",,,,
"66","Dec 17, 2025 19:15:15.745258000 EST","192.168.138.181","192.168.138.187","64","eth:ethertype:ip:tcp","40977","445","0x0010",,,,
"198","Dec 17, 2025 19:15:15.746226000 EST","192.168.138.181","192.168.138.187","64","eth:ethertype:ip:tcp","40977","445","0x0018",,,,
"74","Dec 17, 2025 19:15:15.749006000 EST","192.168.138.181","192.168.138.187","64","eth:ethertype:ip:tcp","39125","445","0x0002",,,,
"74","Dec 17, 2025 19:15:15.749126000 EST","192.168.138.187","192.168.138.181","128","eth:ethertype:ip:tcp","445","39125","0x0012",,,,
"66","Dec 17, 2025 19:15:15.749150000 EST","192.168.138.181","192.168.138.187","64","eth:ethertype:ip:tcp","39125","445","0x0010",,,,
"198","Dec 17, 2025 19:15:15.749964000 EST","192.168.138.181","192.168.138.187","64","eth:ethertype:ip:tcp","39125","445","0x0018",,,,
"74","Dec 17, 2025 19:15:15.753375000 EST","192.168.138.181","192.168.138.187","64","eth:ethertype:ip:tcp","40283","445","0x0002",,,,
"74","Dec 17, 2025 19:15:15.753493000 EST","192.168.138.187","192.168.138.181","128","eth:ethertype:ip:tcp","445","40283","0x0012",,,,
"66","Dec 17, 2025 19:15:15.753518000 EST","192.168.138.181","192.168.138.187","64","eth:ethertype:ip:tcp","40283","445","0x0010",,,,
"198","Dec 17, 2025 19:15:15.753665000 EST","192.168.138.181","192.168.138.187","64","eth:ethertype:ip:tcp","40283","445","0x0018",,,,
"66","Dec 17, 2025 19:15:15.754420000 EST","192.168.138.181","192.168.138.187","64","eth:ethertype:ip:tcp","33319","445","0x0010",,,,
"74","Dec 17, 2025 19:15:15.756258000 EST","192.168.138.181","192.168.138.187","64","eth:ethertype:ip:tcp","42461","445","0x0002",,,,
"74","Dec 17, 2025 19:15:15.756362000 EST","192.168.138.187","192.168.138.181","128","eth:ethertype:ip:tcp","445","42461","0x0012",,,,
"66","Dec 17, 2025 19:15:15.756385000 EST","192.168.138.181","192.168.138.187","64","eth:ethertype:ip:tcp","42461","445","0x0010",,,,
"198","Dec 17, 2025 19:15:15.756946000 EST","192.168.138.181","192.168.138.187","64","eth:ethertype:ip:tcp","42461","445","0x0018",,,,
"74","Dec 17, 2025 19:15:15.760822000 EST","192.168.138.181","192.168.138.187","64","eth:ethertype:ip:tcp","34083","445","0x0002",,,,
"74","Dec 17, 2025 19:15:15.760976000 EST","192.168.138.187","192.168.138.181","128","eth:ethertype:ip:tcp","445","34083","0x0012",,,,
"66","Dec 17, 2025 19:15:15.761002000 EST","192.168.138.181","192.168.138.187","64","eth:ethertype:ip:tcp","34083","445","0x0010",,,,
"198","Dec 17, 2025 19:15:15.761530000 EST","192.168.138.181","192.168.138.187","64","eth:ethertype:ip:tcp","34083","445","0x0018",,,,
"66","Dec 17, 2025 19:15:15.762463000 EST","192.168.138.181","192.168.138.187","64","eth:ethertype:ip:tcp","34987","445","0x0010",,,,
"74","Dec 17, 2025 19:15:15.763731000 EST","192.168.138.181","192.168.138.187","64","eth:ethertype:ip:tcp","45443","445","0x0002",,,,
"74","Dec 17, 2025 19:15:15.763834000 EST","192.168.138.187","192.168.138.181","128","eth:ethertype:ip:tcp","445","45443","0x0012",,,,
"66","Dec 17, 2025 19:15:15.763855000 EST","192.168.138.181","192.168.138.187","64","eth:ethertype:ip:tcp","45443","445","0x0010",,,,
"198","Dec 17, 2025 19:15:15.764453000 EST","192.168.138.181","192.168.138.187","64","eth:ethertype:ip:tcp","45443","445","0x0018",,,,
"74","Dec 17, 2025 19:15:15.767945000 EST","192.168.138.181","192.168.138.187","64","eth:ethertype:ip:tcp","44325","445","0x0002",,,,
"74","Dec 17, 2025 19:15:15.768063000 EST","192.168.138.187","192.168.138.181","128","eth:ethertype:ip:tcp","445","44325","0x0012",,,,
"66","Dec 17, 2025 19:15:15.768088000 EST","192.168.138.181","192.168.138.187","64","eth:ethertype:ip:tcp","44325","445","0x0010",,,,
"117","Dec 17, 2025 19:15:15.772111000 EST","192.168.138.181","192.168.138.187","64","eth:ethertype:ip:tcp:nbss:smb","44325","445","0x0018",,,"0x72","NT LM 0.12"
"197","Dec 17, 2025 19:15:15.772354000 EST","192.168.138.187","192.168.138.181","128","eth:ethertype:ip:tcp:nbss:smb:gss-api:spnego","445","44325","0x0018",,,"0x72",
"66","Dec 17, 2025 19:15:15.772379000 EST","192.168.138.181","192.168.138.187","64","eth:ethertype:ip:tcp","44325","445","0x0010",,,,
"151","Dec 17, 2025 19:15:15.777745000 EST","192.168.138.181","192.168.138.187","64","eth:ethertype:ip:tcp:nbss:smb","44325","445","0x0018",,,"0x73",
"187","Dec 17, 2025 19:15:15.777887000 EST","192.168.138.187","192.168.138.181","128","eth:ethertype:ip:tcp:nbss:smb","445","44325","0x0018",,,"0x73",
"66","Dec 17, 2025 19:15:15.779613000 EST","192.168.138.181","192.168.138.187","64","eth:ethertype:ip:tcp","34987","445","0x0011",,,,
"66","Dec 17, 2025 19:15:15.779735000 EST","192.168.138.187","192.168.138.181","128","eth:ethertype:ip:tcp","445","34987","0x0010",,,,
"60","Dec 17, 2025 19:15:15.779804000 EST","192.168.138.187","192.168.138.181","128","eth:ethertype:ip:tcp","445","34987","0x0014",,,,
"74","Dec 17, 2025 19:15:15.783859000 EST","192.168.138.181","192.168.138.187","64","eth:ethertype:ip:tcp","39697","445","0x0002",,,,
"74","Dec 17, 2025 19:15:15.784054000 EST","192.168.138.187","192.168.138.181","128","eth:ethertype:ip:tcp","445","39697","0x0012",,,,
"66","Dec 17, 2025 19:15:15.784083000 EST","192.168.138.181","192.168.138.187","64","eth:ethertype:ip:tcp","39697","445","0x0010",,,,
"198","Dec 17, 2025 19:15:15.784465000 EST","192.168.138.181","192.168.138.187","64","eth:ethertype:ip:tcp","39697","445","0x0018",,,,
"74","Dec 17, 2025 19:15:15.786104000 EST","192.168.138.181","192.168.138.187","64","eth:ethertype:ip:tcp","35171","445","0x0002",,,,
"74","Dec 17, 2025 19:15:15.786239000 EST","192.168.138.187","192.168.138.181","128","eth:ethertype:ip:tcp","445","35171","0x0012",,,,
"66","Dec 17, 2025 19:15:15.786260000 EST","192.168.138.181","192.168.138.187","64","eth:ethertype:ip:tcp","35171","445","0x0010",,,,
"198","Dec 17, 2025 19:15:15.786621000 EST","192.168.138.181","192.168.138.187","64","eth:ethertype:ip:tcp","35171","445","0x0018",,,,
"74","Dec 17, 2025 19:15:15.788088000 EST","192.168.138.181","192.168.138.187","64","eth:ethertype:ip:tcp","33415","445","0x0002",,,,
"74","Dec 17, 2025 19:15:15.788196000 EST","192.168.138.187","192.168.138.181","128","eth:ethertype:ip:tcp","445","33415","0x0012",,,,
"66","Dec 17, 2025 19:15:15.788218000 EST","192.168.138.181","192.168.138.187","64","eth:ethertype:ip:tcp","33415","445","0x0010",,,,
"198","Dec 17, 2025 19:15:15.788577000 EST","192.168.138.181","192.168.138.187","64","eth:ethertype:ip:tcp","33415","445","0x0018",,,,
"74","Dec 17, 2025 19:15:15.790331000 EST","192.168.138.181","192.168.138.187","64","eth:ethertype:ip:tcp","43183","445","0x0002",,,,
"74","Dec 17, 2025 19:15:15.790409000 EST","192.168.138.187","192.168.138.181","128","eth:ethertype:ip:tcp","445","43183","0x0012",,,,
"66","Dec 17, 2025 19:15:15.790434000 EST","192.168.138.181","192.168.138.187","64","eth:ethertype:ip:tcp","43183","445","0x0010",,,,
"198","Dec 17, 2025 19:15:15.791054000 EST","192.168.138.181","192.168.138.187","64","eth:ethertype:ip:tcp","43183","445","0x0018",,,,
"74","Dec 17, 2025 19:15:15.792912000 EST","192.168.138.181","192.168.138.187","64","eth:ethertype:ip:tcp","45721","445","0x0002",,,,
"74","Dec 17, 2025 19:15:15.793019000 EST","192.168.138.187","192.168.138.181","128","eth:ethertype:ip:tcp","445","45721","0x0012",,,,
"66","Dec 17, 2025 19:15:15.793042000 EST","192.168.138.181","192.168.138.187","64","eth:ethertype:ip:tcp","45721","445","0x0010",,,,
"198","Dec 17, 2025 19:15:15.793730000 EST","192.168.138.181","192.168.138.187","64","eth:ethertype:ip:tcp","45721","445","0x0018",,,,
"74","Dec 17, 2025 19:15:15.795920000 EST","192.168.138.181","192.168.138.187","64","eth:ethertype:ip:tcp","42441","445","0x0002",,,,
"74","Dec 17, 2025 19:15:15.796053000 EST","192.168.138.187","192.168.138.181","128","eth:ethertype:ip:tcp","445","42441","0x0012",,,,
"66","Dec 17, 2025 19:15:15.796080000 EST","192.168.138.181","192.168.138.187","64","eth:ethertype:ip:tcp","42441","445","0x0010",,,,
"198","Dec 17, 2025 19:15:15.797154000 EST","192.168.138.181","192.168.138.187","64","eth:ethertype:ip:tcp","42441","445","0x0018",,,,
"66","Dec 17, 2025 19:15:15.797204000 EST","192.168.138.181","192.168.138.187","64","eth:ethertype:ip:tcp","44325","445","0x0011",,,,
"66","Dec 17, 2025 19:15:15.797293000 EST","192.168.138.187","192.168.138.181","128","eth:ethertype:ip:tcp","445","44325","0x0010",,,,
"60","Dec 17, 2025 19:15:15.797373000 EST","192.168.138.187","192.168.138.181","128","eth:ethertype:ip:tcp","445","44325","0x0014",,,,
"4219","Dec 17, 2025 19:15:15.804280000 EST","192.168.138.181","192.168.138.187","64","eth:ethertype:ip:tcp:nbss:smb","33319","445","0x0018",,,"0x33",
"66","Dec 17, 2025 19:15:15.804460000 EST","192.168.138.187","192.168.138.181","128","eth:ethertype:ip:tcp","445","33319","0x0010",,,,
"158","Dec 17, 2025 19:15:15.804547000 EST","192.168.138.187","192.168.138.181","128","eth:ethertype:ip:tcp:nbss:smb","445","33319","0x0018",,,"0x32",
"66","Dec 17, 2025 19:15:15.804555000 EST","192.168.138.181","192.168.138.187","64","eth:ethertype:ip:tcp","33319","445","0x0010",,,,
"2962","Dec 17, 2025 19:15:15.813819000 EST","192.168.138.181","192.168.138.187","64","eth:ethertype:ip:tcp","43057","445","0x0018",,,,
"2962","Dec 17, 2025 19:15:15.813904000 EST","192.168.138.181","192.168.138.187","64","eth:ethertype:ip:tcp","42285","445","0x0018",,,,
"2962","Dec 17, 2025 19:15:15.813952000 EST","192.168.138.181","192.168.138.187","64","eth:ethertype:ip:tcp","42303","445","0x0018",,,,
"2962","Dec 17, 2025 19:15:15.814001000 EST","192.168.138.181","192.168.138.187","64","eth:ethertype:ip:tcp","32923","445","0x0018",,,,
"66","Dec 17, 2025 19:15:15.814071000 EST","192.168.138.187","192.168.138.181","128","eth:ethertype:ip:tcp","445","43057","0x0010",,,,
"66","Dec 17, 2025 19:15:15.814071000 EST","192.168.138.187","192.168.138.181","128","eth:ethertype:ip:tcp","445","42285","0x0010",,,,
"2962","Dec 17, 2025 19:15:15.814077000 EST","192.168.138.181","192.168.138.187","64","eth:ethertype:ip:tcp","42507","445","0x0018",,,,
"90","Dec 17, 2025 19:15:15.814139000 EST","192.168.138.181","192.168.138.187","64","eth:ethertype:ip:tcp","43057","445","0x0018",,,,
"90","Dec 17, 2025 19:15:15.814140000 EST","192.168.138.181","192.168.138.187","64","eth:ethertype:ip:tcp","42285","445","0x0018",,,,
"66","Dec 17, 2025 19:15:15.814160000 EST","192.168.138.187","192.168.138.181","128","eth:ethertype:ip:tcp","445","42303","0x0010",,,,
"66","Dec 17, 2025 19:15:15.814160000 EST","192.168.138.187","192.168.138.181","128","eth:ethertype:ip:tcp","445","32923","0x0010",,,,
"66","Dec 17, 2025 19:15:15.814160000 EST","192.168.138.187","192.168.138.181","128","eth:ethertype:ip:tcp","445","42507","0x0010",,,,
"90","Dec 17, 2025 19:15:15.814165000 EST","192.168.138.181","192.168.138.187","64","eth:ethertype:ip:tcp","42303","445","0x0018",,,,
"2962","Dec 17, 2025 19:15:15.814192000 EST","192.168.138.181","192.168.138.187","64","eth:ethertype:ip:tcp","33245","445","0x0018",,,,
"2962","Dec 17, 2025 19:15:15.814219000 EST","192.168.138.181","192.168.138.187","64","eth:ethertype:ip:tcp","40977","445","0x0018",,,,
"2962","Dec 17, 2025 19:15:15.814221000 EST","192.168.138.181","192.168.138.187","64","eth:ethertype:ip:tcp","39125","445","0x0018",,,,
"2962","Dec 17, 2025 19:15:15.814222000 EST","192.168.138.181","192.168.138.187","64","eth:ethertype:ip:tcp","40283","445","0x0018",,,,
"2962","Dec 17, 2025 19:15:15.814256000 EST","192.168.138.181","192.168.138.187","64","eth:ethertype:ip:tcp","42461","445","0x0018",,,,
"2962","Dec 17, 2025 19:15:15.814257000 EST","192.168.138.181","192.168.138.187","64","eth:ethertype:ip:tcp","34083","445","0x0018",,,,
"2962","Dec 17, 2025 19:15:15.814258000 EST","192.168.138.181","192.168.138.187","64","eth:ethertype:ip:tcp","45443","445","0x0018",,,,
"90","Dec 17, 2025 19:15:15.814300000 EST","192.168.138.181","192.168.138.187","64","eth:ethertype:ip:tcp","32923","445","0x0018",,,,
"90","Dec 17, 2025 19:15:15.814322000 EST","192.168.138.181","192.168.138.187","64","eth:ethertype:ip:tcp","42507","445","0x0018",,,,
"66","Dec 17, 2025 19:15:15.814360000 EST","192.168.138.187","192.168.138.181","128","eth:ethertype:ip:tcp","445","33245","0x0010",,,,
"66","Dec 17, 2025 19:15:15.814360000 EST","192.168.138.187","192.168.138.181","128","eth:ethertype:ip:tcp","445","40977","0x0010",,,,
"66","Dec 17, 2025 19:15:15.814360000 EST","192.168.138.187","192.168.138.181","128","eth:ethertype:ip:tcp","445","39125","0x0010",,,,
"66","Dec 17, 2025 19:15:15.814360000 EST","192.168.138.187","192.168.138.181","128","eth:ethertype:ip:tcp","445","40283","0x0010",,,,
"90","Dec 17, 2025 19:15:15.814368000 EST","192.168.138.181","192.168.138.187","64","eth:ethertype:ip:tcp","33245","445","0x0018",,,,
"90","Dec 17, 2025 19:15:15.814389000 EST","192.168.138.181","192.168.138.187","64","eth:ethertype:ip:tcp","40977","445","0x0018",,,,
"90","Dec 17, 2025 19:15:15.814408000 EST","192.168.138.181","192.168.138.187","64","eth:ethertype:ip:tcp","39125","445","0x0018",,,,
"90","Dec 17, 2025 19:15:15.814434000 EST","192.168.138.181","192.168.138.187","64","eth:ethertype:ip:tcp","40283","445","0x0018",,,,
"66","Dec 17, 2025 19:15:15.814468000 EST","192.168.138.187","192.168.138.181","128","eth:ethertype:ip:tcp","445","42461","0x0010",,,,
"66","Dec 17, 2025 19:15:15.814468000 EST","192.168.138.187","192.168.138.181","128","eth:ethertype:ip:tcp","445","34083","0x0010",,,,
"66","Dec 17, 2025 19:15:15.814468000 EST","192.168.138.187","192.168.138.181","128","eth:ethertype:ip:tcp","445","45443","0x0010",,,,
"90","Dec 17, 2025 19:15:15.814474000 EST","192.168.138.181","192.168.138.187","64","eth:ethertype:ip:tcp","42461","445","0x0018",,,,
"90","Dec 17, 2025 19:15:15.814491000 EST","192.168.138.181","192.168.138.187","64","eth:ethertype:ip:tcp","34083","445","0x0018",,,,
"90","Dec 17, 2025 19:15:15.814509000 EST","192.168.138.181","192.168.138.187","64","eth:ethertype:ip:tcp","45443","445","0x0018",,,,
"2962","Dec 17, 2025 19:15:15.814789000 EST","192.168.138.181","192.168.138.187","64","eth:ethertype:ip:tcp","39697","445","0x0018",,,,
"2962","Dec 17, 2025 19:15:15.814853000 EST","192.168.138.181","192.168.138.187","64","eth:ethertype:ip:tcp","35171","445","0x0018",,,,
"66","Dec 17, 2025 19:15:15.814879000 EST","192.168.138.187","192.168.138.181","128","eth:ethertype:ip:tcp","445","39697","0x0010",,,,
"90","Dec 17, 2025 19:15:15.814889000 EST","192.168.138.181","192.168.138.187","64","eth:ethertype:ip:tcp","39697","445","0x0018",,,,
"2962","Dec 17, 2025 19:15:15.814909000 EST","192.168.138.181","192.168.138.187","64","eth:ethertype:ip:tcp","33415","445","0x0018",,,,
"66","Dec 17, 2025 19:15:15.814955000 EST","192.168.138.187","192.168.138.181","128","eth:ethertype:ip:tcp","445","35171","0x0010",,,,
"90","Dec 17, 2025 19:15:15.814961000 EST","192.168.138.181","192.168.138.187","64","eth:ethertype:ip:tcp","35171","445","0x0018",,,,
"2962","Dec 17, 2025 19:15:15.814977000 EST","192.168.138.181","192.168.138.187","64","eth:ethertype:ip:tcp","43183","445","0x0018",,,,
"2962","Dec 17, 2025 19:15:15.815002000 EST","192.168.138.181","192.168.138.187","64","eth:ethertype:ip:tcp","45721","445","0x0018",,,,
"2962","Dec 17, 2025 19:15:15.815003000 EST","192.168.138.181","192.168.138.187","64","eth:ethertype:ip:tcp","42441","445","0x0018",,,,
"66","Dec 17, 2025 19:15:15.815041000 EST","192.168.138.187","192.168.138.181","128","eth:ethertype:ip:tcp","445","33415","0x0010",,,,
"90","Dec 17, 2025 19:15:15.815047000 EST","192.168.138.181","192.168.138.187","64","eth:ethertype:ip:tcp","33415","445","0x0018",,,,
"66","Dec 17, 2025 19:15:15.815077000 EST","192.168.138.187","192.168.138.181","128","eth:ethertype:ip:tcp","445","43183","0x0010",,,,
"66","Dec 17, 2025 19:15:15.815077000 EST","192.168.138.187","192.168.138.181","128","eth:ethertype:ip:tcp","445","45721","0x0010",,,,
"90","Dec 17, 2025 19:15:15.815084000 EST","192.168.138.181","192.168.138.187","64","eth:ethertype:ip:tcp","43183","445","0x0018",,,,
"90","Dec 17, 2025 19:15:15.815105000 EST","192.168.138.181","192.168.138.187","64","eth:ethertype:ip:tcp","45721","445","0x0018",,,,
"66","Dec 17, 2025 19:15:15.815128000 EST","192.168.138.187","192.168.138.181","128","eth:ethertype:ip:tcp","445","42441","0x0010",,,,
"90","Dec 17, 2025 19:15:15.815139000 EST","192.168.138.181","192.168.138.187","64","eth:ethertype:ip:tcp","42441","445","0x0018",,,,
"66","Dec 17, 2025 19:15:15.816533000 EST","192.168.138.181","192.168.138.187","64","eth:ethertype:ip:tcp","33319","445","0x0011",,,,
"1219","Dec 17, 2025 19:15:15.816598000 EST","192.168.138.181","192.168.138.187","64","eth:ethertype:ip:tcp","43057","445","0x0019",,,,
"66","Dec 17, 2025 19:15:15.816620000 EST","192.168.138.187","192.168.138.181","128","eth:ethertype:ip:tcp","445","33319","0x0010",,,,
"1219","Dec 17, 2025 19:15:15.816629000 EST","192.168.138.181","192.168.138.187","64","eth:ethertype:ip:tcp","42285","445","0x0019",,,,
"1219","Dec 17, 2025 19:15:15.816657000 EST","192.168.138.181","192.168.138.187","64","eth:ethertype:ip:tcp","42303","445","0x0019",,,,
"66","Dec 17, 2025 19:15:15.816691000 EST","192.168.138.187","192.168.138.181","128","eth:ethertype:ip:tcp","445","43057","0x0010",,,,
"1219","Dec 17, 2025 19:15:15.816692000 EST","192.168.138.181","192.168.138.187","64","eth:ethertype:ip:tcp","32923","445","0x0019",,,,
"66","Dec 17, 2025 19:15:15.816711000 EST","192.168.138.187","192.168.138.181","128","eth:ethertype:ip:tcp","445","42285","0x0010",,,,
"1219","Dec 17, 2025 19:15:15.816718000 EST","192.168.138.181","192.168.138.187","64","eth:ethertype:ip:tcp","42507","445","0x0019",,,,
"1219","Dec 17, 2025 19:15:15.816743000 EST","192.168.138.181","192.168.138.187","64","eth:ethertype:ip:tcp","33245","445","0x0019",,,,
"66","Dec 17, 2025 19:15:15.816765000 EST","192.168.138.187","192.168.138.181","128","eth:ethertype:ip:tcp","445","42303","0x0010",,,,
"66","Dec 17, 2025 19:15:15.816765000 EST","192.168.138.187","192.168.138.181","128","eth:ethertype:ip:tcp","445","32923","0x0010",,,,
"1219","Dec 17, 2025 19:15:15.816769000 EST","192.168.138.181","192.168.138.187","64","eth:ethertype:ip:tcp","40977","445","0x0019",,,,
"66","Dec 17, 2025 19:15:15.816791000 EST","192.168.138.187","192.168.138.181","128","eth:ethertype:ip:tcp","445","42507","0x0010",,,,
"66","Dec 17, 2025 19:15:15.816791000 EST","192.168.138.187","192.168.138.181","128","eth:ethertype:ip:tcp","445","33245","0x0010",,,,
"1219","Dec 17, 2025 19:15:15.816793000 EST","192.168.138.181","192.168.138.187","64","eth:ethertype:ip:tcp","39125","445","0x0019",,,,
"66","Dec 17, 2025 19:15:15.816817000 EST","192.168.138.187","192.168.138.181","128","eth:ethertype:ip:tcp","445","40977","0x0010",,,,
"1219","Dec 17, 2025 19:15:15.816817000 EST","192.168.138.181","192.168.138.187","64","eth:ethertype:ip:tcp","40283","445","0x0019",,,,
"66","Dec 17, 2025 19:15:15.816836000 EST","192.168.138.187","192.168.138.181","128","eth:ethertype:ip:tcp","445","39125","0x0010",,,,
"1219","Dec 17, 2025 19:15:15.816840000 EST","192.168.138.181","192.168.138.187","64","eth:ethertype:ip:tcp","42461","445","0x0019",,,,
"66","Dec 17, 2025 19:15:15.816859000 EST","192.168.138.187","192.168.138.181","128","eth:ethertype:ip:tcp","445","40283","0x0010",,,,
"1219","Dec 17, 2025 19:15:15.816865000 EST","192.168.138.181","192.168.138.187","64","eth:ethertype:ip:tcp","34083","445","0x0019",,,,
"66","Dec 17, 2025 19:15:15.816884000 EST","192.168.138.187","192.168.138.181","128","eth:ethertype:ip:tcp","445","42461","0x0010",,,,
"1219","Dec 17, 2025 19:15:15.816888000 EST","192.168.138.181","192.168.138.187","64","eth:ethertype:ip:tcp","45443","445","0x0019",,,,
"66","Dec 17, 2025 19:15:15.816928000 EST","192.168.138.187","192.168.138.181","128","eth:ethertype:ip:tcp","445","34083","0x0010",,,,
"1219","Dec 17, 2025 19:15:15.816939000 EST","192.168.138.181","192.168.138.187","64","eth:ethertype:ip:tcp","39697","445","0x0019",,,,
"66","Dec 17, 2025 19:15:15.816940000 EST","192.168.138.187","192.168.138.181","128","eth:ethertype:ip:tcp","445","45443","0x0010",,,,
"1219","Dec 17, 2025 19:15:15.816964000 EST","192.168.138.181","192.168.138.187","64","eth:ethertype:ip:tcp","35171","445","0x0019",,,,
"1219","Dec 17, 2025 19:15:15.816995000 EST","192.168.138.181","192.168.138.187","64","eth:ethertype:ip:tcp","33415","445","0x0019",,,,
"66","Dec 17, 2025 19:15:15.817008000 EST","192.168.138.187","192.168.138.181","128","eth:ethertype:ip:tcp","445","39697","0x0010",,,,
"1219","Dec 17, 2025 19:15:15.817019000 EST","192.168.138.181","192.168.138.187","64","eth:ethertype:ip:tcp","43183","445","0x0019",,,,
"66","Dec 17, 2025 19:15:15.817032000 EST","192.168.138.187","192.168.138.181","128","eth:ethertype:ip:tcp","445","35171","0x0010",,,,
"1219","Dec 17, 2025 19:15:15.817041000 EST","192.168.138.181","192.168.138.187","64","eth:ethertype:ip:tcp","45721","445","0x0019",,,,
"66","Dec 17, 2025 19:15:15.817042000 EST","192.168.138.187","192.168.138.181","128","eth:ethertype:ip:tcp","445","33415","0x0010",,,,
"66","Dec 17, 2025 19:15:15.817064000 EST","192.168.138.187","192.168.138.181","128","eth:ethertype:ip:tcp","445","43183","0x0010",,,,
"66","Dec 17, 2025 19:15:15.817112000 EST","192.168.138.187","192.168.138.181","128","eth:ethertype:ip:tcp","445","45721","0x0010",,,,
"60","Dec 17, 2025 19:15:15.817112000 EST","192.168.138.187","192.168.138.181","128","eth:ethertype:ip:tcp","445","33319","0x0014",,,,
"60","Dec 17, 2025 19:15:15.817130000 EST","192.168.138.187","192.168.138.181","128","eth:ethertype:ip:tcp","445","35171","0x0014",,,,
"60","Dec 17, 2025 19:15:15.817505000 EST","192.168.138.187","192.168.138.181","128","eth:ethertype:ip:tcp","445","43057","0x0014",,,,
"60","Dec 17, 2025 19:15:15.817505000 EST","192.168.138.187","192.168.138.181","128","eth:ethertype:ip:tcp","445","42285","0x0014",,,,
"60","Dec 17, 2025 19:15:15.817548000 EST","192.168.138.187","192.168.138.181","128","eth:ethertype:ip:tcp","445","42303","0x0014",,,,
"60","Dec 17, 2025 19:15:15.817548000 EST","192.168.138.187","192.168.138.181","128","eth:ethertype:ip:tcp","445","32923","0x0014",,,,
"1219","Dec 17, 2025 19:15:15.817606000 EST","192.168.138.181","192.168.138.187","64","eth:ethertype:ip:tcp","42441","445","0x0019",,,,
"60","Dec 17, 2025 19:15:15.817629000 EST","192.168.138.187","192.168.138.181","128","eth:ethertype:ip:tcp","445","42507","0x0014",,,,
"60","Dec 17, 2025 19:15:15.817630000 EST","192.168.138.187","192.168.138.181","128","eth:ethertype:ip:tcp","445","33245","0x0014",,,,
"60","Dec 17, 2025 19:15:15.817630000 EST","192.168.138.187","192.168.138.181","128","eth:ethertype:ip:tcp","445","40977","0x0014",,,,
"60","Dec 17, 2025 19:15:15.817648000 EST","192.168.138.187","192.168.138.181","128","eth:ethertype:ip:tcp","445","39125","0x0014",,,,
"66","Dec 17, 2025 19:15:15.817655000 EST","192.168.138.187","192.168.138.181","128","eth:ethertype:ip:tcp","445","42441","0x0010",,,,
"60","Dec 17, 2025 19:15:15.817714000 EST","192.168.138.187","192.168.138.181","128","eth:ethertype:ip:tcp","445","40283","0x0014",,,,
"60","Dec 17, 2025 19:15:15.817714000 EST","192.168.138.187","192.168.138.181","128","eth:ethertype:ip:tcp","445","42461","0x0014",,,,
"60","Dec 17, 2025 19:15:15.817727000 EST","192.168.138.187","192.168.138.181","128","eth:ethertype:ip:tcp","445","34083","0x0014",,,,
"60","Dec 17, 2025 19:15:15.817773000 EST","192.168.138.187","192.168.138.181","128","eth:ethertype:ip:tcp","445","45443","0x0014",,,,
"60","Dec 17, 2025 19:15:15.817773000 EST","192.168.138.187","192.168.138.181","128","eth:ethertype:ip:tcp","445","39697","0x0014",,,,
"60","Dec 17, 2025 19:15:15.817825000 EST","192.168.138.187","192.168.138.181","128","eth:ethertype:ip:tcp","445","33415","0x0014",,,,
"60","Dec 17, 2025 19:15:15.817825000 EST","192.168.138.187","192.168.138.181","128","eth:ethertype:ip:tcp","445","43183","0x0014",,,,
"60","Dec 17, 2025 19:15:15.817840000 EST","192.168.138.187","192.168.138.181","128","eth:ethertype:ip:tcp","445","45721","0x0014",,,,
"60","Dec 17, 2025 19:15:15.817879000 EST","192.168.138.187","192.168.138.181","128","eth:ethertype:ip:tcp","445","42441","0x0014",,,,
"66","Dec 17, 2025 19:15:15.818905000 EST","192.168.138.187","192.168.138.181","128","eth:ethertype:ip:tcp","49159","4444","0x0002",,,,
"66","Dec 17, 2025 19:15:15.818917000 EST","192.168.138.181","192.168.138.187","64","eth:ethertype:ip:tcp","4444","49159","0x0012",,,,
"60","Dec 17, 2025 19:15:15.819012000 EST","192.168.138.187","192.168.138.181","128","eth:ethertype:ip:tcp","49159","4444","0x0010",,,,
"58","Dec 17, 2025 19:15:15.891787000 EST","192.168.138.181","192.168.138.187","64","eth:ethertype:ip:tcp:data","4444","49159","0x0018",,,,
"7354","Dec 17, 2025 19:15:15.892284000 EST","192.168.138.181","192.168.138.187","64","eth:ethertype:ip:tcp:data","4444","49159","0x0018",,,,
"5894","Dec 17, 2025 19:15:15.892355000 EST","192.168.138.181","192.168.138.187","64","eth:ethertype:ip:tcp:data","4444","49159","0x0018",,,,
"60","Dec 17, 2025 19:15:15.892525000 EST","192.168.138.187","192.168.138.181","128","eth:ethertype:ip:tcp","49159","4444","0x0010",,,,
"60","Dec 17, 2025 19:15:15.892526000 EST","192.168.138.187","192.168.138.181","128","eth:ethertype:ip:tcp","49159","4444","0x0010",,,,
"14654","Dec 17, 2025 19:15:15.892548000 EST","192.168.138.181","192.168.138.187","64","eth:ethertype:ip:tcp:data","4444","49159","0x0018",,,,
"14654","Dec 17, 2025 19:15:15.892599000 EST","192.168.138.181","192.168.138.187","64","eth:ethertype:ip:tcp:data","4444","49159","0x0018",,,,
"60","Dec 17, 2025 19:15:15.892601000 EST","192.168.138.187","192.168.138.181","128","eth:ethertype:ip:tcp","49159","4444","0x0010",,,,
"60","Dec 17, 2025 19:15:15.892650000 EST","192.168.138.187","192.168.138.181","128","eth:ethertype:ip:tcp","49159","4444","0x0010",,,,
"21954","Dec 17, 2025 19:15:15.892659000 EST","192.168.138.181","192.168.138.187","64","eth:ethertype:ip:tcp:data","4444","49159","0x0018",,,,
"1350","Dec 17, 2025 19:15:15.892741000 EST","192.168.138.181","192.168.138.187","64","eth:ethertype:ip:tcp:data","4444","49159","0x0018",,,,
"5894","Dec 17, 2025 19:15:15.892766000 EST","192.168.138.181","192.168.138.187","64","eth:ethertype:ip:tcp:data","4444","49159","0x0018",,,,
"60","Dec 17, 2025 19:15:15.892791000 EST","192.168.138.187","192.168.138.181","128","eth:ethertype:ip:tcp","49159","4444","0x0010",,,,
"14654","Dec 17, 2025 19:15:15.892801000 EST","192.168.138.181","192.168.138.187","64","eth:ethertype:ip:tcp:data","4444","49159","0x0018",,,,
"60","Dec 17, 2025 19:15:15.892866000 EST","192.168.138.187","192.168.138.181","128","eth:ethertype:ip:tcp","49159","4444","0x0010",,,,
"60","Dec 17, 2025 19:15:15.892892000 EST","192.168.138.187","192.168.138.181","128","eth:ethertype:ip:tcp","49159","4444","0x0010",,,,
"1590","Dec 17, 2025 19:15:15.892899000 EST","192.168.138.181","192.168.138.187","64","eth:ethertype:ip:tcp:data","4444","49159","0x0018",,,,
"60","Dec 17, 2025 19:15:15.892991000 EST","192.168.138.187","192.168.138.181","128","eth:ethertype:ip:tcp","49159","4444","0x0010",,,,
"60","Dec 17, 2025 19:15:15.893188000 EST","192.168.138.187","192.168.138.181","128","eth:ethertype:ip:tcp","49159","4444","0x0010",,,,
"51154","Dec 17, 2025 19:15:15.893197000 EST","192.168.138.181","192.168.138.187","64","eth:ethertype:ip:tcp:data","4444","49159","0x0018",,,,
"14490","Dec 17, 2025 19:15:15.893386000 EST","192.168.138.181","192.168.138.187","64","eth:ethertype:ip:tcp:data","4444","49159","0x0018",,,,
"60","Dec 17, 2025 19:15:15.893478000 EST","192.168.138.187","192.168.138.181","128","eth:ethertype:ip:tcp","49159","4444","0x0010",,,,
"60","Dec 17, 2025 19:15:15.893478000 EST","192.168.138.187","192.168.138.181","128","eth:ethertype:ip:tcp","49159","4444","0x0010",,,,
"8814","Dec 17, 2025 19:15:15.893493000 EST","192.168.138.181","192.168.138.187","64","eth:ethertype:ip:tcp:data","4444","49159","0x0018",,,,
"60","Dec 17, 2025 19:15:15.893543000 EST","192.168.138.187","192.168.138.181","128","eth:ethertype:ip:tcp","49159","4444","0x0010",,,,
"60","Dec 17, 2025 19:15:15.893596000 EST","192.168.138.187","192.168.138.181","128","eth:ethertype:ip:tcp","49159","4444","0x0010",,,,
"60","Dec 17, 2025 19:15:15.893728000 EST","192.168.138.187","192.168.138.181","128","eth:ethertype:ip:tcp","49159","4444","0x0010",,,,
"42092","Dec 17, 2025 19:15:15.893736000 EST","192.168.138.181","192.168.138.187","64","eth:ethertype:ip:tcp:data","4444","49159","0x0018",,,,
"60","Dec 17, 2025 19:15:15.893957000 EST","192.168.138.187","192.168.138.181","128","eth:ethertype:ip:tcp","49159","4444","0x0010",,,,
"60","Dec 17, 2025 19:15:15.894065000 EST","192.168.138.187","192.168.138.181","128","eth:ethertype:ip:tcp","49159","4444","0x0010",,,,
"441","Dec 17, 2025 19:15:16.423942000 EST","192.168.138.181","192.168.138.187","64","eth:ethertype:ip:tcp:data","4444","49159","0x0018",,,,
"451","Dec 17, 2025 19:15:16.476865000 EST","192.168.138.187","192.168.138.181","128","eth:ethertype:ip:tcp:data","49159","4444","0x0018",,,,
"54","Dec 17, 2025 19:15:16.476919000 EST","192.168.138.181","192.168.138.187","64","eth:ethertype:ip:tcp","4444","49159","0x0010",,,,
"182","Dec 17, 2025 19:15:16.479459000 EST","192.168.138.181","192.168.138.187","64","eth:ethertype:ip:tcp:data","4444","49159","0x0018",,,,
"566","Dec 17, 2025 19:15:16.538845000 EST","192.168.138.187","192.168.138.181","128","eth:ethertype:ip:tcp:data","49159","4444","0x0018",,,,
"54","Dec 17, 2025 19:15:16.582837000 EST","192.168.138.181","192.168.138.187","64","eth:ethertype:ip:tcp","4444","49159","0x0010",,,,
"182","Dec 17, 2025 19:15:16.948105000 EST","192.168.138.181","192.168.138.187","64","eth:ethertype:ip:tcp:data","4444","49159","0x0018",,,,
"198","Dec 17, 2025 19:15:17.006815000 EST","192.168.138.187","192.168.138.181","128","eth:ethertype:ip:tcp:data","49159","4444","0x0018",,,,
"54","Dec 17, 2025 19:15:17.006840000 EST","192.168.138.181","192.168.138.187","64","eth:ethertype:ip:tcp","4444","49159","0x0010",,,,
"7354","Dec 17, 2025 19:15:17.030050000 EST","192.168.138.181","192.168.138.187","64","eth:ethertype:ip:tcp:data","4444","49159","0x0018",,,,
"7354","Dec 17, 2025 19:15:17.030128000 EST","192.168.138.181","192.168.138.187","64","eth:ethertype:ip:tcp:data","4444","49159","0x0018",,,,
"60","Dec 17, 2025 19:15:17.030301000 EST","192.168.138.187","192.168.138.181","128","eth:ethertype:ip:tcp","49159","4444","0x0010",,,,
"14654","Dec 17, 2025 19:15:17.030316000 EST","192.168.138.181","192.168.138.187","64","eth:ethertype:ip:tcp:data","4444","49159","0x0018",,,,
"14654","Dec 17, 2025 19:15:17.030365000 EST","192.168.138.181","192.168.138.187","64","eth:ethertype:ip:tcp:data","4444","49159","0x0018",,,,
"60","Dec 17, 2025 19:15:17.030400000 EST","192.168.138.187","192.168.138.181","128","eth:ethertype:ip:tcp","49159","4444","0x0010",,,,
"60","Dec 17, 2025 19:15:17.030502000 EST","192.168.138.187","192.168.138.181","128","eth:ethertype:ip:tcp","49159","4444","0x0010",,,,
"60","Dec 17, 2025 19:15:17.030502000 EST","192.168.138.187","192.168.138.181","128","eth:ethertype:ip:tcp","49159","4444","0x0010",,,,
"542","Dec 17, 2025 19:15:17.030518000 EST","192.168.138.181","192.168.138.187","64","eth:ethertype:ip:tcp:data","4444","49159","0x0018",,,,
"214","Dec 17, 2025 19:15:17.085578000 EST","192.168.138.187","192.168.138.181","128","eth:ethertype:ip:tcp:data","49159","4444","0x0018",,,,
"54","Dec 17, 2025 19:15:17.126403000 EST","192.168.138.181","192.168.138.187","64","eth:ethertype:ip:tcp","4444","49159","0x0010",,,,
"166","Dec 17, 2025 19:15:17.506598000 EST","192.168.138.181","192.168.138.187","64","eth:ethertype:ip:tcp:data","4444","49159","0x0018",,,,
"60","Dec 17, 2025 19:15:17.708620000 EST","192.168.138.187","192.168.138.181","128","eth:ethertype:ip:tcp","49159","4444","0x0010",,,,
"214","Dec 17, 2025 19:15:17.880695000 EST","192.168.138.187","192.168.138.181","128","eth:ethertype:ip:tcp:data","49159","4444","0x0018",,,,
"54","Dec 17, 2025 19:15:17.880736000 EST","192.168.138.181","192.168.138.187","64","eth:ethertype:ip:tcp","4444","49159","0x0010",,,,
"182","Dec 17, 2025 19:15:18.290934000 EST","192.168.138.181","192.168.138.187","64","eth:ethertype:ip:tcp:data","4444","49159","0x0018",,,,
"198","Dec 17, 2025 19:15:18.348988000 EST","192.168.138.187","192.168.138.181","128","eth:ethertype:ip:tcp:data","49159","4444","0x0018",,,,
"54","Dec 17, 2025 19:15:18.349031000 EST","192.168.138.181","192.168.138.187","64","eth:ethertype:ip:tcp","4444","49159","0x0010",,,,
"7354","Dec 17, 2025 19:15:18.388340000 EST","192.168.138.181","192.168.138.187","64","eth:ethertype:ip:tcp:data","4444","49159","0x0018",,,,
"7354","Dec 17, 2025 19:15:18.388402000 EST","192.168.138.181","192.168.138.187","64","eth:ethertype:ip:tcp:data","4444","49159","0x0018",,,,
"60","Dec 17, 2025 19:15:18.388576000 EST","192.168.138.187","192.168.138.181","128","eth:ethertype:ip:tcp","49159","4444","0x0010",,,,
"14654","Dec 17, 2025 19:15:18.388595000 EST","192.168.138.181","192.168.138.187","64","eth:ethertype:ip:tcp:data","4444","49159","0x0018",,,,
"14654","Dec 17, 2025 19:15:18.388640000 EST","192.168.138.181","192.168.138.187","64","eth:ethertype:ip:tcp:data","4444","49159","0x0018",,,,
"60","Dec 17, 2025 19:15:18.388680000 EST","192.168.138.187","192.168.138.181","128","eth:ethertype:ip:tcp","49159","4444","0x0010",,,,
"60","Dec 17, 2025 19:15:18.388759000 EST","192.168.138.187","192.168.138.181","128","eth:ethertype:ip:tcp","49159","4444","0x0010",,,,
"60","Dec 17, 2025 19:15:18.388759000 EST","192.168.138.187","192.168.138.181","128","eth:ethertype:ip:tcp","49159","4444","0x0010",,,,
"28942","Dec 17, 2025 19:15:18.388773000 EST","192.168.138.181","192.168.138.187","64","eth:ethertype:ip:tcp:data","4444","49159","0x0018",,,,
"60","Dec 17, 2025 19:15:18.388909000 EST","192.168.138.187","192.168.138.181","128","eth:ethertype:ip:tcp","49159","4444","0x0010",,,,
"278","Dec 17, 2025 19:15:18.441973000 EST","192.168.138.187","192.168.138.181","128","eth:ethertype:ip:tcp:data","49159","4444","0x0018",,,,
"54","Dec 17, 2025 19:15:18.442024000 EST","192.168.138.181","192.168.138.187","64","eth:ethertype:ip:tcp","4444","49159","0x0010",,,,
"182","Dec 17, 2025 19:15:18.884154000 EST","192.168.138.181","192.168.138.187","64","eth:ethertype:ip:tcp:data","4444","49159","0x0018",,,,
"198","Dec 17, 2025 19:15:18.941127000 EST","192.168.138.187","192.168.138.181","128","eth:ethertype:ip:tcp:data","49159","4444","0x0018",,,,
"54","Dec 17, 2025 19:15:18.941164000 EST","192.168.138.181","192.168.138.187","64","eth:ethertype:ip:tcp","4444","49159","0x0010",,,,
"14654","Dec 17, 2025 19:15:19.036426000 EST","192.168.138.181","192.168.138.187","64","eth:ethertype:ip:tcp:data","4444","49159","0x0018",,,,
"14654","Dec 17, 2025 19:15:19.036516000 EST","192.168.138.181","192.168.138.187","64","eth:ethertype:ip:tcp:data","4444","49159","0x0018",,,,
"60","Dec 17, 2025 19:15:19.036692000 EST","192.168.138.187","192.168.138.181","128","eth:ethertype:ip:tcp","49159","4444","0x0010",,,,
"29254","Dec 17, 2025 19:15:19.036714000 EST","192.168.138.181","192.168.138.187","64","eth:ethertype:ip:tcp:data","4444","49159","0x0018",,,,
"15910","Dec 17, 2025 19:15:19.036805000 EST","192.168.138.181","192.168.138.187","64","eth:ethertype:ip:tcp:data","4444","49159","0x0018",,,,
"60","Dec 17, 2025 19:15:19.036847000 EST","192.168.138.187","192.168.138.181","128","eth:ethertype:ip:tcp","49159","4444","0x0010",,,,
"13194","Dec 17, 2025 19:15:19.036857000 EST","192.168.138.181","192.168.138.187","64","eth:ethertype:ip:tcp:data","4444","49159","0x0018",,,,
"60","Dec 17, 2025 19:15:19.036901000 EST","192.168.138.187","192.168.138.181","128","eth:ethertype:ip:tcp","49159","4444","0x0010",,,,
"6098","Dec 17, 2025 19:15:19.036912000 EST","192.168.138.181","192.168.138.187","64","eth:ethertype:ip:tcp:data","4444","49159","0x0018",,,,
"38014","Dec 17, 2025 19:15:19.036939000 EST","192.168.138.181","192.168.138.187","64","eth:ethertype:ip:tcp:data","4444","49159","0x0018",,,,
"60","Dec 17, 2025 19:15:19.037013000 EST","192.168.138.187","192.168.138.181","128","eth:ethertype:ip:tcp","49159","4444","0x0010",,,,
"60","Dec 17, 2025 19:15:19.037013000 EST","192.168.138.187","192.168.138.181","128","eth:ethertype:ip:tcp","49159","4444","0x0010",,,,
"60","Dec 17, 2025 19:15:19.037100000 EST","192.168.138.187","192.168.138.181","128","eth:ethertype:ip:tcp","49159","4444","0x0010",,,,
"60","Dec 17, 2025 19:15:19.037101000 EST","192.168.138.187","192.168.138.181","128","eth:ethertype:ip:tcp","49159","4444","0x0010",,,,
"59134","Dec 17, 2025 19:15:19.037120000 EST","192.168.138.181","192.168.138.187","64","eth:ethertype:ip:tcp:data","4444","49159","0x0018",,,,
"60","Dec 17, 2025 19:15:19.037361000 EST","192.168.138.187","192.168.138.181","128","eth:ethertype:ip:tcp","49159","4444","0x0010",,,,
"60","Dec 17, 2025 19:15:19.037361000 EST","192.168.138.187","192.168.138.181","128","eth:ethertype:ip:tcp","49159","4444","0x0010",,,,
"1574","Dec 17, 2025 19:15:19.097411000 EST","192.168.138.187","192.168.138.181","128","eth:ethertype:ip:tcp:data","49159","4444","0x0018",,,,
"54","Dec 17, 2025 19:15:19.097453000 EST","192.168.138.181","192.168.138.187","64","eth:ethertype:ip:tcp","4444","49159","0x0010",,,,
"166","Dec 17, 2025 19:15:19.110452000 EST","192.168.138.181","192.168.138.187","64","eth:ethertype:ip:tcp:data","4444","49159","0x0018",,,,
"230","Dec 17, 2025 19:15:19.159658000 EST","192.168.138.187","192.168.138.181","128","eth:ethertype:ip:tcp:data","49159","4444","0x0018",,,,
"166","Dec 17, 2025 19:15:19.160483000 EST","192.168.138.181","192.168.138.187","64","eth:ethertype:ip:tcp:data","4444","49159","0x0018",,,,
"230","Dec 17, 2025 19:15:19.222308000 EST","192.168.138.187","192.168.138.181","128","eth:ethertype:ip:tcp:data","49159","4444","0x0018",,,,
"166","Dec 17, 2025 19:15:19.223136000 EST","192.168.138.181","192.168.138.187","64","eth:ethertype:ip:tcp:data","4444","49159","0x0018",,,,
"326","Dec 17, 2025 19:15:19.284852000 EST","192.168.138.187","192.168.138.181","128","eth:ethertype:ip:tcp:data","49159","4444","0x0018",,,,
"166","Dec 17, 2025 19:15:19.285801000 EST","192.168.138.181","192.168.138.187","64","eth:ethertype:ip:tcp:data","4444","49159","0x0018",,,,
"870","Dec 17, 2025 19:15:19.347123000 EST","192.168.138.187","192.168.138.181","128","eth:ethertype:ip:tcp:data","49159","4444","0x0018",,,,
"166","Dec 17, 2025 19:15:19.348327000 EST","192.168.138.181","192.168.138.187","64","eth:ethertype:ip:tcp:data","4444","49159","0x0018",,,,
"2198","Dec 17, 2025 19:15:19.409200000 EST","192.168.138.187","192.168.138.181","128","eth:ethertype:ip:tcp:data","49159","4444","0x0018",,,,
"54","Dec 17, 2025 19:15:19.409393000 EST","192.168.138.181","192.168.138.187","64","eth:ethertype:ip:tcp","4444","49159","0x0010",,,,
"66","Dec 17, 2025 19:15:20.500192000 EST","192.168.138.1","192.168.138.181","128","eth:ethertype:ip:tcp","52666","80","0x0002",,,,
"54","Dec 17, 2025 19:15:20.500212000 EST","192.168.138.181","192.168.138.1","64","eth:ethertype:ip:tcp","80","52666","0x0014",,,,
"66","Dec 17, 2025 19:15:20.500667000 EST","192.168.138.1","192.168.138.187","128","eth:ethertype:ip:tcp","52672","80","0x0002",,,,
"60","Dec 17, 2025 19:15:20.500776000 EST","192.168.138.187","192.168.138.1","128","eth:ethertype:ip:tcp","80","52672","0x0014",,,,
"66","Dec 17, 2025 19:15:21.013807000 EST","192.168.138.1","192.168.138.181","128","eth:ethertype:ip:tcp","52666","80","0x0002",,,,
"66","Dec 17, 2025 19:15:21.013808000 EST","192.168.138.1","192.168.138.187","128","eth:ethertype:ip:tcp","52672","80","0x0002",,,,
"54","Dec 17, 2025 19:15:21.013842000 EST","192.168.138.181","192.168.138.1","64","eth:ethertype:ip:tcp","80","52666","0x0014",,,,
"60","Dec 17, 2025 19:15:21.013898000 EST","192.168.138.187","192.168.138.1","128","eth:ethertype:ip:tcp","80","52672","0x0014",,,,
"60","Dec 17, 2025 19:15:21.661180000 EST",,,,"eth:ethertype:arp",,,,,,,
"60","Dec 17, 2025 19:15:22.338652000 EST",,,,"eth:ethertype:arp",,,,,,,
